{
    "bilstm": {
    "class": "kolibri.backend.tensorflow.models.BiLSTM_Model",
    "parameters": {
      "units": {
        "value": 100,
        "type" : "categorical",
        "values": [32, 64, 100, 128, 200, 256]
      },
      "epochs": {
        "value": 10,
        "type" : "integer",
        "values": [10, 20]
      }
    }
  },
    "fasttext": {
    "class": "kolibri.backend.tensorflow.models.FastText",
    "parameters": {
      "global-pooling": {},
      "epochs": {
        "value": 10,
        "type" : "integer",
        "values": [10, 20]
      }
    }
  }

}