{
  "PYTHON_DATE_TO_FORMAT": {"%a": "www",
                         "%A": "wwww",
                         "%w": "w",
                         "%d": "d",
                         "%m": "M",
                         "%b": "MMM",
                         "%B": "MMMM",
                         "%y": "yy",
                         "%Y": "yyyy",
                         "%H": "HH",
                         "%I": "hh",
                         "%p": "mi",
                         "%M": "mm",
                         "%S": "ss",
                         "%f": "yy",
                         "%z": "XXX"},

"DATE_FORMAT_ITEMS": {"YYYY": "%Y",
                     "YYY": "%y",
                     "YY": "%y",
                     "Y": "%Y",
                     "yyyy": "%Y",
                     "yyy": "%y",
                     "yy": "%y",
                     "y": "%y",
                     "MMMMM": "%B",
                     "MMMM": "%B",
                     "MMM": "%b",
                     "MM": "%m",
                     "M": "%m",
                     "mmmm": "%B",
                     "mmm": "%b",
                     "mm": "%M",
                     "m": "%M",
                     "DD": "%d",
                     "dd": "%d",
                     "D": "%d",
                     "d": "%d",
                     "HH": "%H",
                     "hh": "%I",
                     "sss": "%f",
                     "ss": "%S",
                     "SS": "%S",
                     "TT": "%p",
                     "tt": "%p",
                     "WWWW": "%A",
                     "WWW": "%a",
                     "WW": "%A",
                     "W": "%a",
                     "wwww": "%A",
                     "www": "%a",
                     "ww": "%A",
                     "w": "%a",
                     "XXX": "%z"}

"DATE_FORMAT_ITEMS_MONTH": {"YYYY": "%Y",
                          "YYY": "%y",
                          "YY": "%y",
                          "Y": "%Y",
                          "yyyy": "%Y",
                          "yyy": "%y",
                          "yy": "%y",
                          "y": "%y",
                          "MMMMM": "%B",
                          "MMMM": "%B",
                          "MMM": "%b",
                          "MM": "%m",
                          "M": "%m",
                          "mmmm": "%B",
                          "mmm": "%b",
                          "mm": "%m",
                          "m": "%m",
                          "DD": "%d",
                          "dd": "%d",
                          "D": "%d",
                          "d": "%d",
                          "HH": "%H",
                          "hh": "%I",
                          "sss": "%f",
                          "ss": "%S",
                          "SS": "%S",
                          "TT": "%p",
                          "tt": "%p",
                          "WWWW": "%A",
                          "WWW": "%a",
                          "WW": "%A",
                          "W": "%a",
                          "wwww": "%A",
                          "www": "%a",
                          "ww": "%A",
                          "w": "%a",
                          "XXX": "%z"}
}