{"$": "dollar",
"¢": "cent",
"£": "point",
"€": "euro",
"¥": "yen",
"₹": "indian rupee",
"₽": "ruble",
"元": "yuan",
"¤": "currency",
"₠": "euro-currency",
"₡": "colon",
"₢": "cruzeiro",
"₣": "french franc",
"₤": "lira",
"₥": "mill",
"₦": "naira",
"₧": "peseta",
"₨": "rupee",
"₩": "won",
"₪": "new shequel",
"₫": "dong",
"₭": "kip",
"₮": "tugrik",
"₯": "drachma",
"₰": "german penny",
"₱": "peso",
"₲": "guarani",
"₳": "austral",
"₴": "hryvnia",
"₵": "cedi",
"₶": "livre tournois",
"₸": "tenge",
"₺": "turkish lira",
"₼": "manat",
"৲": "bengali rupee mark",
"৳": "bengali rupee sign",
"૱": "gujarati rupee sign",
"௹": "tamil rupee sign",
"฿": "thai currency bath",
"៛": "khmer currency reil",
"㍐": "square yuan",
"円": "yen character",
"圆": "yen/yuan character variant one",
"圎": "yen/yuan character variant two",
"圓": "yuan character, in hong kong and taiwan",
"圜": "yen/yuan character variant three",
"원": "won character",
"﷼": "rial sign",
"＄": "fullwidth dollar sign",
"￠": "fullwidth cent sign",
"￡": "fullwidth pound sign",
"￥": "fullwidth yen sign",
"￦": "fullwidth won sign"}
