{"aa": {"Name": "Afar", "Autonym": "Qafar"}, "bn": {"Name": "Bangla", "Autonym": "বাংলা"}, "ab": {"Name": "Abkhazian", "Autonym": "Аҧсуа Бызшәа\u200e (Aṗsua Byzšwa), Аҧсшәа\u200e (Aṗsšwa)"}, "bm": {"Name": "Bambara", "Autonym": "Bamanakan"}, "be": {"Name": "Belarusian", "Autonym": "Беларуская"}, "ba": {"Name": "Bashkir", "Autonym": "Башҡорт Теле\u200e (Başķort Tele), Башҡортса\u200e (Başķortsa)"}, "az": {"Name": "Azerbaijani", "Autonym": "Azərbaycan"}, "ay": {"Name": "Aymara", "Autonym": ""}, "av": {"Name": "Avaric", "Autonym": "Авар Мацӏ\u200e (Awar Mac̣), Магӏарул Мацӏ\u200e (MaʿArul Mac̣)"}, "as": {"Name": "Assamese", "Autonym": "অসমীয়া"}, "ar": {"Name": "Arabic", "Autonym": "العربية"}, "an": {"Name": "Aragonese", "Autonym": "Aragonés"}, "am": {"Name": "Amharic", "Autonym": "አማርኛ"}, "ak": {"Name": "Akan", "Autonym": "Akan"}, "af": {"Name": "Afrikaans", "Autonym": "Afrikaans"}, "ae": {"Name": "Avestan", "Autonym": ""}, "bg": {"Name": "Bulgarian", "Autonym": "Български"}, "bo": {"Name": "Tibetan", "Autonym": "བོད་སྐད་"}, "bi": {"Name": "Bislama", "Autonym": "Bislama"}, "br": {"Name": "Breton", "Autonym": "Brezhoneg"}, "bs": {"Name": "Bosnian", "Autonym": "Bosanski"}, "ca": {"Name": "Catalan", "Autonym": "Català"}, "wo": {"Name": "Wolof", "Autonym": "Wolof"}, "wa": {"Name": "Walloon", "Autonym": ""}, "vo": {"Name": "Volapük", "Autonym": "Volapük"}, "vi": {"Name": "Vietnamese", "Autonym": "Tiếng Việt"}, "ve": {"Name": "Venda", "Autonym": "Tshivenḓa"}, "uz": {"Name": "Uzbek", "Autonym": "O‘Zbek"}, "ur": {"Name": "Urdu", "Autonym": "اردو"}, "uk": {"Name": "Ukrainian", "Autonym": "Українська"}, "ug": {"Name": "Uyghur", "Autonym": "ئۇيغۇرچە"}, "ty": {"Name": "Tahitian", "Autonym": "Reo Tahiti"}, "tw": {"Name": "Twi", "Autonym": ""}, "tt": {"Name": "Tatar", "Autonym": "Татар"}, "ts": {"Name": "Tsonga", "Autonym": "Xitsonga"}, "tr": {"Name": "Turkish", "Autonym": "Türkçe"}, "to": {"Name": "Tongan", "Autonym": "Lea Fakatonga"}, "tn": {"Name": "Tswana", "Autonym": "Setswana"}, "tl": {"Name": "Tagalog", "Autonym": "Tagalog"}, "tk": {"Name": "Turkmen", "Autonym": "Türkmen Dili"}, "ti": {"Name": "Tigrinya", "Autonym": "ትግርኛ"}, "th": {"Name": "Thai", "Autonym": "ไทย"}, "tg": {"Name": "Tajik", "Autonym": "Тоҷикӣ"}, "te": {"Name": "Telugu", "Autonym": "తెలుగు"}, "ta": {"Name": "Tamil", "Autonym": "தமிழ்"}, "sw": {"Name": "Swahili", "Autonym": "Kiswahili"}, "sv": {"Name": "Swedish", "Autonym": "Svenska"}, "su": {"Name": "Sundanese", "Autonym": "Sunda"}, "st": {"Name": "Southern Sotho", "Autonym": "Sesotho"}, "ss": {"Name": "Swati", "Autonym": "Siswati"}, "sr": {"Name": "Serbian", "Autonym": "Српски"}, "sq": {"Name": "Albanian", "Autonym": "Shqip"}, "so": {"Name": "Somali", "Autonym": "Soomaali"}, "sn": {"Name": "Shona", "Autonym": "Chishona"}, "sm": {"Name": "Samoan", "Autonym": "Gagana Samoa"}, "sl": {"Name": "Slovenian", "Autonym": "Slovenščina"}, "sk": {"Name": "Slovak", "Autonym": "Slovenčina"}, "si": {"Name": "Sinhala", "Autonym": "සිංහල"}, "sh": {"Name": "Serbo-Croatian", "Autonym": ""}, "sg": {"Name": "Sango", "Autonym": "Sängö"}, "se": {"Name": "Northern Sami", "Autonym": "Davvisámegiella"}, "sd": {"Name": "Sindhi", "Autonym": "سنڌي"}, "sc": {"Name": "Sardinian", "Autonym": ""}, "sa": {"Name": "Sanskrit", "Autonym": "संस्कृत भाषा"}, "rw": {"Name": "Kinyarwanda", "Autonym": "Kinyarwanda"}, "ru": {"Name": "Russian", "Autonym": "Русский"}, "ro": {"Name": "Romanian", "Autonym": "Română"}, "rn": {"Name": "Rundi", "Autonym": "Ikirundi"}, "rm": {"Name": "Romansh", "Autonym": "Rumantsch"}, "qu": {"Name": "Quechua", "Autonym": "Runasimi"}, "pt": {"Name": "Portuguese", "Autonym": "Português"}, "ps": {"Name": "Pashto", "Autonym": "پښتو"}, "pl": {"Name": "Polish", "Autonym": "Polski"}, "pi": {"Name": "Pali", "Autonym": ""}, "pa": {"Name": "Punjabi", "Autonym": "ਪੰਜਾਬੀ"}, "os": {"Name": "Ossetic", "Autonym": "Ирон"}, "or": {"Name": "Odia", "Autonym": "ଓଡ଼ିଆ"}, "om": {"Name": "Oromo", "Autonym": "Oromoo"}, "oj": {"Name": "Ojibwa", "Autonym": ""}, "oc": {"Name": "Occitan", "Autonym": "Occitan"}, "ny": {"Name": "Nyanja", "Autonym": "Chichewa, Chicheŵa\u200e (Chichewa), Chinyanja"}, "nv": {"Name": "Navajo", "Autonym": "Diné"}, "nr": {"Name": "South Ndebele", "Autonym": "Isindebele"}, "no": {"Name": "Norwegian", "Autonym": "Norsk"}, "nn": {"Name": "Norwegian Nynorsk", "Autonym": "Nynorsk"}, "nl": {"Name": "Dutch", "Autonym": "Nederlands"}, "ng": {"Name": "Ndonga", "Autonym": ""}, "ne": {"Name": "Nepali", "Autonym": "नेपाली"}, "nd": {"Name": "North Ndebele", "Autonym": "Isindebele"}, "nb": {"Name": "Norwegian Bokmål", "Autonym": "Norsk Bokmål"}, "na": {"Name": "Nauru", "Autonym": ""}, "my": {"Name": "Burmese", "Autonym": "မြန်မာ"}, "mt": {"Name": "Maltese", "Autonym": "Malti"}, "ms": {"Name": "Malay", "Autonym": "Melayu"}, "mr": {"Name": "Marathi", "Autonym": "मराठी"}, "mn": {"Name": "Mongolian", "Autonym": "Монгол"}, "ml": {"Name": "Malayalam", "Autonym": "മലയാളം"}, "mk": {"Name": "Macedonian", "Autonym": "Македонски"}, "mi": {"Name": "Maori", "Autonym": "Te Reo Maori"}, "mh": {"Name": "Marshallese", "Autonym": ""}, "mg": {"Name": "Malagasy", "Autonym": "Malagasy"}, "lv": {"Name": "Latvian", "Autonym": "Latviešu"}, "lu": {"Name": "Luba-Katanga", "Autonym": "Tshiluba"}, "lt": {"Name": "Lithuanian", "Autonym": "Lietuvių"}, "lo": {"Name": "Lao", "Autonym": "ລາວ"}, "ln": {"Name": "Lingala", "Autonym": "Lingála"}, "li": {"Name": "Limburgish", "Autonym": "Limbourgeois, Limburgs"}, "lg": {"Name": "Ganda", "Autonym": "Luganda"}, "lb": {"Name": "Luxembourgish", "Autonym": "Lëtzebuergesch"}, "la": {"Name": "Latin", "Autonym": ""}, "ky": {"Name": "Kyrgyz", "Autonym": "Кыргызча"}, "kw": {"Name": "Cornish", "Autonym": "Kernewek"}, "kv": {"Name": "Komi", "Autonym": ""}, "ku": {"Name": "Kurdish", "Autonym": "Kurdî"}, "ks": {"Name": "Kashmiri", "Autonym": "کٲشُر"}, "kr": {"Name": "Kanuri", "Autonym": ""}, "ko": {"Name": "Korean", "Autonym": "한국어"}, "kn": {"Name": "Kannada", "Autonym": "ಕನ್ನಡ"}, "km": {"Name": "Khmer", "Autonym": "ខ្មែរ"}, "kl": {"Name": "Kalaallisut", "Autonym": "Kalaallisut"}, "kk": {"Name": "Kazakh", "Autonym": "Қазақ Тілі"}, "kj": {"Name": "Kuanyama", "Autonym": "Oshikwanyama"}, "ki": {"Name": "Kikuyu", "Autonym": "Gikuyu"}, "kg": {"Name": "Kongo", "Autonym": ""}, "ka": {"Name": "Georgian", "Autonym": "ქართული"}, "jv": {"Name": "Javanese", "Autonym": "Basa Jawa"}, "ja": {"Name": "Japanese", "Autonym": "日本語"}, "iu": {"Name": "Inuktitut", "Autonym": "ᐃᓄᒃᑎᑐᑦ"}, "it": {"Name": "Italian", "Autonym": "Italiano"}, "is": {"Name": "Icelandic", "Autonym": "Íslenska"}, "io": {"Name": "Ido", "Autonym": ""}, "ik": {"Name": "Inupiaq", "Autonym": ""}, "ii": {"Name": "Sichuan Yi", "Autonym": "ꆈꌠꉙ"}, "ig": {"Name": "Igbo", "Autonym": "Igbo"}, "ie": {"Name": "Interlingue", "Autonym": ""}, "id": {"Name": "Indonesian", "Autonym": "Indonesia"}, "ia": {"Name": "Interlingua", "Autonym": "Interlingua"}, "hz": {"Name": "Herero", "Autonym": ""}, "hy": {"Name": "Armenian", "Autonym": "Հայերեն"}, "hu": {"Name": "Hungarian", "Autonym": "Magyar"}, "ht": {"Name": "Haitian Creole", "Autonym": "Ayisyen, Kreyòl"}, "hr": {"Name": "Croatian", "Autonym": "Hrvatski"}, "ho": {"Name": "Hiri Motu", "Autonym": ""}, "hi": {"Name": "Hindi", "Autonym": "हिन्दी"}, "he": {"Name": "Hebrew", "Autonym": "עברית"}, "ha": {"Name": "Hausa", "Autonym": "Hausa"}, "gv": {"Name": "Manx", "Autonym": "Gaelg"}, "gu": {"Name": "Gujarati", "Autonym": "ગુજરાતી"}, "gn": {"Name": "Guarani", "Autonym": ""}, "gl": {"Name": "Galician", "Autonym": "Galego"}, "gd": {"Name": "Scottish Gaelic", "Autonym": "Gàidhlig"}, "ga": {"Name": "Irish", "Autonym": "Gaeilge"}, "fy": {"Name": "Western Frisian", "Autonym": "Frysk"}, "fr": {"Name": "French", "Autonym": "Français"}, "fo": {"Name": "Faroese", "Autonym": "Føroyskt"}, "fj": {"Name": "Fijian", "Autonym": ""}, "fi": {"Name": "Finnish", "Autonym": "Suomi"}, "ff": {"Name": "Fulah", "Autonym": "Pulaar"}, "fa": {"Name": "Persian", "Autonym": "فارسی"}, "eu": {"Name": "Basque", "Autonym": "Euskara"}, "et": {"Name": "Estonian", "Autonym": "Eesti"}, "es": {"Name": "Spanish", "Autonym": "Español"}, "eo": {"Name": "Esperanto", "Autonym": "Esperanto"}, "en": {"Name": "English", "Autonym": "English"}, "el": {"Name": "Greek", "Autonym": "Ελληνικά"}, "ee": {"Name": "Ewe", "Autonym": "Eʋegbe"}, "dz": {"Name": "Dzongkha", "Autonym": "རྫོང་ཁ"}, "dv": {"Name": "Divehi", "Autonym": "ދިވެހިބަސް"}, "de": {"Name": "German", "Autonym": "Deutsch"}, "da": {"Name": "Danish", "Autonym": "Dansk"}, "cy": {"Name": "Welsh", "Autonym": "Cymraeg"}, "cv": {"Name": "Chuvash", "Autonym": "Чӑвашла"}, "cu": {"Name": "Church Slavic", "Autonym": "Церковнослове́Нскїй"}, "cs": {"Name": "Czech", "Autonym": "Čeština"}, "cr": {"Name": "Cree", "Autonym": ""}, "co": {"Name": "Corsican", "Autonym": "Corsu"}, "ch": {"Name": "Chamorro", "Autonym": "Chamorru"}, "ce": {"Name": "Chechen", "Autonym": "Нохчийн"}, "zu": {"Name": "Zulu", "Autonym": "Isizulu"}, "za": {"Name": "Zhuang", "Autonym": ""}, "xh": {"Name": "Xhosa", "Autonym": "Isixhosa"}, "yo": {"Name": "Yoruba", "Autonym": "Èdè Yorùbá"}, "yi": {"Name": "Yiddish", "Autonym": "ייִדיש"}, "zh": {"Name": "Chinese", "Autonym": "中文"}}
