{
    "word-fasttext-lower-case": {
        "configs": {
            "do_lower_case": "True",
            "filter-stopwords": "True",
            "models": "fasttext",
            "sequence_length": 128,
            "evaluate-performance": "True",
            "pipeline": ["word_tokenizer", "dnn_classifier"]
        }
    },
      "word-fasttext-cased": {
        "configs": {
            "do_lower_case": "False",
            "filter-stopwords": "True",
            "models": "fasttext",
            "sequence_length": 128,
            "evaluate-performance": "True",
            "pipeline": ["word_tokenizer","dnn_classifier"]
        }
    }
}